,RMSE,MAE,R2
Linear Regression,0.037092421221170124,0.02395393238454959,0.9948396557583821
Random Forest,0.03608156573807617,0.020612138888888933,0.9951170861901599
